﻿<?xml version="1.0" encoding="utf-8"?><DEFECTS><DEFECT>
    <SFA>
      <FILEPATH>C:\Users\Jeremiah\source\repos\VectorSorting\VectorSorting\</FILEPATH>
      <FILENAME>CSVparser.cpp</FILENAME>
      <LINE>87</LINE>
      <COLUMN>53</COLUMN>
    </SFA>
    <DEFECTCODE>26451</DEFECTCODE>
    <DESCRIPTION>Arithmetic overflow: Using operator '-' on a 4 byte value and then casting the result to a 8 byte value. Cast the value to the wider type before calling operator '-' to avoid overflow (io.2).</DESCRIPTION>
    <FUNCTION>csv::Parser::parseContent</FUNCTION>
    <DECORATED>?parseContent@Parser@csv@@IEAAXXZ</DECORATED>
    <FUNCLINE>66</FUNCLINE>
    <PATH></PATH>
  </DEFECT><DEFECT>
    <SFA>
      <FILEPATH>C:\Users\Jeremiah\source\repos\VectorSorting\VectorSorting\</FILEPATH>
      <FILENAME>VectorSorting.cpp</FILENAME>
      <LINE>254</LINE>
      <COLUMN>45</COLUMN>
    </SFA>
    <DEFECTCODE>26451</DEFECTCODE>
    <DESCRIPTION>Arithmetic overflow: Using operator '+' on a 4 byte value and then casting the result to a 8 byte value. Cast the value to the wider type before calling operator '+' to avoid overflow (io.2).</DESCRIPTION>
    <FUNCTION>bubbleSort</FUNCTION>
    <DECORATED>?bubbleSort@@YAXAEAV?$vector@UBid@@V?$allocator@UBid@@@std@@@std@@@Z</DECORATED>
    <FUNCLINE>247</FUNCLINE>
    <PATH></PATH>
  </DEFECT><DEFECT>
    <SFA>
      <FILEPATH>C:\Users\Jeremiah\source\repos\VectorSorting\VectorSorting\</FILEPATH>
      <FILENAME>VectorSorting.cpp</FILENAME>
      <LINE>255</LINE>
      <COLUMN>43</COLUMN>
    </SFA>
    <DEFECTCODE>26451</DEFECTCODE>
    <DESCRIPTION>Arithmetic overflow: Using operator '+' on a 4 byte value and then casting the result to a 8 byte value. Cast the value to the wider type before calling operator '+' to avoid overflow (io.2).</DESCRIPTION>
    <FUNCTION>bubbleSort</FUNCTION>
    <DECORATED>?bubbleSort@@YAXAEAV?$vector@UBid@@V?$allocator@UBid@@@std@@@std@@@Z</DECORATED>
    <FUNCLINE>247</FUNCLINE>
    <PATH></PATH>
  </DEFECT><DEFECT>
    <SFA>
      <FILEPATH>C:\Users\Jeremiah\source\repos\VectorSorting\VectorSorting\</FILEPATH>
      <FILENAME>VectorSorting.cpp</FILENAME>
      <LINE>276</LINE>
      <COLUMN>53</COLUMN>
    </SFA>
    <DEFECTCODE>26451</DEFECTCODE>
    <DESCRIPTION>Arithmetic overflow: Using operator '-' on a 4 byte value and then casting the result to a 8 byte value. Cast the value to the wider type before calling operator '-' to avoid overflow (io.2).</DESCRIPTION>
    <FUNCTION>insertionSort</FUNCTION>
    <DECORATED>?insertionSort@@YAXAEAV?$vector@UBid@@V?$allocator@UBid@@@std@@@std@@@Z</DECORATED>
    <FUNCLINE>269</FUNCLINE>
    <PATH></PATH>
  </DEFECT><DEFECT>
    <SFA>
      <FILEPATH>C:\Users\Jeremiah\source\repos\VectorSorting\VectorSorting\</FILEPATH>
      <FILENAME>VectorSorting.cpp</FILENAME>
      <LINE>277</LINE>
      <COLUMN>39</COLUMN>
    </SFA>
    <DEFECTCODE>26451</DEFECTCODE>
    <DESCRIPTION>Arithmetic overflow: Using operator '-' on a 4 byte value and then casting the result to a 8 byte value. Cast the value to the wider type before calling operator '-' to avoid overflow (io.2).</DESCRIPTION>
    <FUNCTION>insertionSort</FUNCTION>
    <DECORATED>?insertionSort@@YAXAEAV?$vector@UBid@@V?$allocator@UBid@@@std@@@std@@@Z</DECORATED>
    <FUNCLINE>269</FUNCLINE>
    <PATH></PATH>
  </DEFECT><DEFECT>
    <SFA>
      <FILEPATH>C:\Users\Jeremiah\source\repos\VectorSorting\VectorSorting\</FILEPATH>
      <FILENAME>VectorSorting.cpp</FILENAME>
      <LINE>364</LINE>
      <COLUMN>30</COLUMN>
    </SFA>
    <DEFECTCODE>6001</DEFECTCODE>
    <DESCRIPTION>Using uninitialized memory 'ticks'.</DESCRIPTION>
    <FUNCTION>main</FUNCTION>
    <DECORATED>main</DECORATED>
    <FUNCLINE>300</FUNCLINE>
    <PROBABILITY>1</PROBABILITY>
    <RANK>3</RANK>
    <CATEGORY>
      <RULECATEGORY>mspft</RULECATEGORY>
    </CATEGORY>
    <PATH>
      <SFA>
        <FILEPATH>C:\Users\Jeremiah\source\repos\VectorSorting\VectorSorting\</FILEPATH>
        <FILENAME>VectorSorting.cpp</FILENAME>
        <LINE>303</LINE>
        <COLUMN>11</COLUMN>
      </SFA>
      <SFA>
        <FILEPATH>C:\Users\Jeremiah\source\repos\VectorSorting\VectorSorting\</FILEPATH>
        <FILENAME>VectorSorting.cpp</FILENAME>
        <LINE>304</LINE>
        <COLUMN>12</COLUMN>
      </SFA>
      <SFA>
        <FILEPATH>C:\Users\Jeremiah\source\repos\VectorSorting\VectorSorting\</FILEPATH>
        <FILENAME>VectorSorting.cpp</FILENAME>
        <LINE>305</LINE>
        <COLUMN>4</COLUMN>
      </SFA>
      <SFA>
        <FILEPATH>C:\Users\Jeremiah\source\repos\VectorSorting\VectorSorting\</FILEPATH>
        <FILENAME>VectorSorting.cpp</FILENAME>
        <LINE>306</LINE>
        <COLUMN>16</COLUMN>
      </SFA>
      <SFA>
        <FILEPATH>C:\Users\Jeremiah\source\repos\VectorSorting\VectorSorting\</FILEPATH>
        <FILENAME>VectorSorting.cpp</FILENAME>
        <LINE>313</LINE>
        <COLUMN>16</COLUMN>
      </SFA>
      <SFA>
        <FILEPATH>C:\Users\Jeremiah\source\repos\VectorSorting\VectorSorting\</FILEPATH>
        <FILENAME>VectorSorting.cpp</FILENAME>
        <LINE>316</LINE>
        <COLUMN>12</COLUMN>
        <KEYEVENT>
          <ID>1</ID>
          <KIND>declaration</KIND>
          <IMPORTANCE>Essential</IMPORTANCE>
          <MESSAGE>'ticks' is not initialized</MESSAGE>
        </KEYEVENT>
      </SFA>
      <SFA>
        <FILEPATH>C:\Users\Jeremiah\source\repos\VectorSorting\VectorSorting\</FILEPATH>
        <FILENAME>VectorSorting.cpp</FILENAME>
        <LINE>318</LINE>
        <COLUMN>8</COLUMN>
      </SFA>
      <SFA>
        <FILEPATH>C:\Users\Jeremiah\source\repos\VectorSorting\VectorSorting\</FILEPATH>
        <FILENAME>VectorSorting.cpp</FILENAME>
        <LINE>319</LINE>
        <COLUMN>18</COLUMN>
        <KEYEVENT>
          <ID>2</ID>
          <KIND>branch</KIND>
          <IMPORTANCE>Full</IMPORTANCE>
          <MESSAGE>Enter this loop, (assume 'choice!=9')</MESSAGE>
        </KEYEVENT>
      </SFA>
      <SFA>
        <FILEPATH>C:\Users\Jeremiah\source\repos\VectorSorting\VectorSorting\</FILEPATH>
        <FILENAME>VectorSorting.cpp</FILENAME>
        <LINE>320</LINE>
        <COLUMN>24</COLUMN>
      </SFA>
      <SFA>
        <FILEPATH>C:\Users\Jeremiah\source\repos\VectorSorting\VectorSorting\</FILEPATH>
        <FILENAME>VectorSorting.cpp</FILENAME>
        <LINE>321</LINE>
        <COLUMN>33</COLUMN>
      </SFA>
      <SFA>
        <FILEPATH>C:\Users\Jeremiah\source\repos\VectorSorting\VectorSorting\</FILEPATH>
        <FILENAME>VectorSorting.cpp</FILENAME>
        <LINE>322</LINE>
        <COLUMN>40</COLUMN>
      </SFA>
      <SFA>
        <FILEPATH>C:\Users\Jeremiah\source\repos\VectorSorting\VectorSorting\</FILEPATH>
        <FILENAME>VectorSorting.cpp</FILENAME>
        <LINE>323</LINE>
        <COLUMN>47</COLUMN>
      </SFA>
      <SFA>
        <FILEPATH>C:\Users\Jeremiah\source\repos\VectorSorting\VectorSorting\</FILEPATH>
        <FILENAME>VectorSorting.cpp</FILENAME>
        <LINE>324</LINE>
        <COLUMN>43</COLUMN>
      </SFA>
      <SFA>
        <FILEPATH>C:\Users\Jeremiah\source\repos\VectorSorting\VectorSorting\</FILEPATH>
        <FILENAME>VectorSorting.cpp</FILENAME>
        <LINE>325</LINE>
        <COLUMN>44</COLUMN>
      </SFA>
      <SFA>
        <FILEPATH>C:\Users\Jeremiah\source\repos\VectorSorting\VectorSorting\</FILEPATH>
        <FILENAME>VectorSorting.cpp</FILENAME>
        <LINE>326</LINE>
        <COLUMN>47</COLUMN>
      </SFA>
      <SFA>
        <FILEPATH>C:\Users\Jeremiah\source\repos\VectorSorting\VectorSorting\</FILEPATH>
        <FILENAME>VectorSorting.cpp</FILENAME>
        <LINE>327</LINE>
        <COLUMN>28</COLUMN>
      </SFA>
      <SFA>
        <FILEPATH>C:\Users\Jeremiah\source\repos\VectorSorting\VectorSorting\</FILEPATH>
        <FILENAME>VectorSorting.cpp</FILENAME>
        <LINE>328</LINE>
        <COLUMN>13</COLUMN>
      </SFA>
      <SFA>
        <FILEPATH>C:\Users\Jeremiah\source\repos\VectorSorting\VectorSorting\</FILEPATH>
        <FILENAME>VectorSorting.cpp</FILENAME>
        <LINE>329</LINE>
        <COLUMN>12</COLUMN>
      </SFA>
      <SFA>
        <FILEPATH>C:\Users\Jeremiah\source\repos\VectorSorting\VectorSorting\</FILEPATH>
        <FILENAME>VectorSorting.cpp</FILENAME>
        <LINE>331</LINE>
        <COLUMN>16</COLUMN>
        <KEYEVENT>
          <ID>3</ID>
          <KIND>branch</KIND>
          <IMPORTANCE>Full</IMPORTANCE>
          <MESSAGE>Assume switch ( 'choice' ) resolves to case 2: </MESSAGE>
        </KEYEVENT>
      </SFA>
      <SFA>
        <FILEPATH>C:\Users\Jeremiah\source\repos\VectorSorting\VectorSorting\</FILEPATH>
        <FILENAME>VectorSorting.cpp</FILENAME>
        <LINE>349</LINE>
        <COLUMN>8</COLUMN>
      </SFA>
      <SFA>
        <FILEPATH>C:\Users\Jeremiah\source\repos\VectorSorting\VectorSorting\</FILEPATH>
        <FILENAME>VectorSorting.cpp</FILENAME>
        <LINE>351</LINE>
        <COLUMN>21</COLUMN>
      </SFA>
      <SFA>
        <FILEPATH>C:\Users\Jeremiah\source\repos\VectorSorting\VectorSorting\</FILEPATH>
        <FILENAME>VectorSorting.cpp</FILENAME>
        <LINE>351</LINE>
        <COLUMN>30</COLUMN>
      </SFA>
      <SFA>
        <FILEPATH>C:\Users\Jeremiah\source\repos\VectorSorting\VectorSorting\</FILEPATH>
        <FILENAME>VectorSorting.cpp</FILENAME>
        <LINE>354</LINE>
        <COLUMN>17</COLUMN>
      </SFA>
      <SFA>
        <FILEPATH>C:\Users\Jeremiah\source\repos\VectorSorting\VectorSorting\</FILEPATH>
        <FILENAME>VectorSorting.cpp</FILENAME>
        <LINE>319</LINE>
        <COLUMN>18</COLUMN>
        <KEYEVENT>
          <ID>4</ID>
          <KIND>branch</KIND>
          <IMPORTANCE>Full</IMPORTANCE>
          <MESSAGE>Continue this loop, (assume 'choice!=9')</MESSAGE>
        </KEYEVENT>
      </SFA>
      <SFA>
        <FILEPATH>C:\Users\Jeremiah\source\repos\VectorSorting\VectorSorting\</FILEPATH>
        <FILENAME>VectorSorting.cpp</FILENAME>
        <LINE>320</LINE>
        <COLUMN>24</COLUMN>
      </SFA>
      <SFA>
        <FILEPATH>C:\Users\Jeremiah\source\repos\VectorSorting\VectorSorting\</FILEPATH>
        <FILENAME>VectorSorting.cpp</FILENAME>
        <LINE>321</LINE>
        <COLUMN>33</COLUMN>
      </SFA>
      <SFA>
        <FILEPATH>C:\Users\Jeremiah\source\repos\VectorSorting\VectorSorting\</FILEPATH>
        <FILENAME>VectorSorting.cpp</FILENAME>
        <LINE>322</LINE>
        <COLUMN>40</COLUMN>
      </SFA>
      <SFA>
        <FILEPATH>C:\Users\Jeremiah\source\repos\VectorSorting\VectorSorting\</FILEPATH>
        <FILENAME>VectorSorting.cpp</FILENAME>
        <LINE>323</LINE>
        <COLUMN>47</COLUMN>
      </SFA>
      <SFA>
        <FILEPATH>C:\Users\Jeremiah\source\repos\VectorSorting\VectorSorting\</FILEPATH>
        <FILENAME>VectorSorting.cpp</FILENAME>
        <LINE>324</LINE>
        <COLUMN>43</COLUMN>
      </SFA>
      <SFA>
        <FILEPATH>C:\Users\Jeremiah\source\repos\VectorSorting\VectorSorting\</FILEPATH>
        <FILENAME>VectorSorting.cpp</FILENAME>
        <LINE>325</LINE>
        <COLUMN>44</COLUMN>
      </SFA>
      <SFA>
        <FILEPATH>C:\Users\Jeremiah\source\repos\VectorSorting\VectorSorting\</FILEPATH>
        <FILENAME>VectorSorting.cpp</FILENAME>
        <LINE>326</LINE>
        <COLUMN>47</COLUMN>
      </SFA>
      <SFA>
        <FILEPATH>C:\Users\Jeremiah\source\repos\VectorSorting\VectorSorting\</FILEPATH>
        <FILENAME>VectorSorting.cpp</FILENAME>
        <LINE>327</LINE>
        <COLUMN>28</COLUMN>
      </SFA>
      <SFA>
        <FILEPATH>C:\Users\Jeremiah\source\repos\VectorSorting\VectorSorting\</FILEPATH>
        <FILENAME>VectorSorting.cpp</FILENAME>
        <LINE>328</LINE>
        <COLUMN>13</COLUMN>
      </SFA>
      <SFA>
        <FILEPATH>C:\Users\Jeremiah\source\repos\VectorSorting\VectorSorting\</FILEPATH>
        <FILENAME>VectorSorting.cpp</FILENAME>
        <LINE>329</LINE>
        <COLUMN>12</COLUMN>
      </SFA>
      <SFA>
        <FILEPATH>C:\Users\Jeremiah\source\repos\VectorSorting\VectorSorting\</FILEPATH>
        <FILENAME>VectorSorting.cpp</FILENAME>
        <LINE>331</LINE>
        <COLUMN>16</COLUMN>
        <KEYEVENT>
          <ID>5</ID>
          <KIND>branch</KIND>
          <IMPORTANCE>Full</IMPORTANCE>
          <MESSAGE>Assume switch ( 'choice' ) resolves to case 3: </MESSAGE>
        </KEYEVENT>
      </SFA>
      <SFA>
        <FILEPATH>C:\Users\Jeremiah\source\repos\VectorSorting\VectorSorting\</FILEPATH>
        <FILENAME>VectorSorting.cpp</FILENAME>
        <LINE>358</LINE>
        <COLUMN>8</COLUMN>
      </SFA>
      <SFA>
        <FILEPATH>C:\Users\Jeremiah\source\repos\VectorSorting\VectorSorting\</FILEPATH>
        <FILENAME>VectorSorting.cpp</FILENAME>
        <LINE>360</LINE>
        <COLUMN>25</COLUMN>
      </SFA>
      <SFA>
        <FILEPATH>C:\Users\Jeremiah\source\repos\VectorSorting\VectorSorting\</FILEPATH>
        <FILENAME>VectorSorting.cpp</FILENAME>
        <LINE>362</LINE>
        <COLUMN>45</COLUMN>
      </SFA>
      <SFA>
        <FILEPATH>C:\Users\Jeremiah\source\repos\VectorSorting\VectorSorting\</FILEPATH>
        <FILENAME>VectorSorting.cpp</FILENAME>
        <LINE>364</LINE>
        <COLUMN>18</COLUMN>
      </SFA>
      <SFA>
        <FILEPATH>C:\Users\Jeremiah\source\repos\VectorSorting\VectorSorting\</FILEPATH>
        <FILENAME>VectorSorting.cpp</FILENAME>
        <LINE>365</LINE>
        <COLUMN>56</COLUMN>
        <KEYEVENT>
          <ID>6</ID>
          <KIND>declaration</KIND>
          <IMPORTANCE>Full</IMPORTANCE>
          <MESSAGE>'ticks' is an In/Out argument to 'std::basic_ostream&lt;char,std::char_traits&lt;char&gt; &gt;::&lt;&lt;' (declared at c:\program files\microsoft visual studio\2022\community\vc\tools\msvc\14.32.31326\include\ostream:313)</MESSAGE>
        </KEYEVENT>
      </SFA>
      <SFA>
        <FILEPATH>C:\Users\Jeremiah\source\repos\VectorSorting\VectorSorting\</FILEPATH>
        <FILENAME>VectorSorting.cpp</FILENAME>
        <LINE>366</LINE>
        <COLUMN>75</COLUMN>
      </SFA>
      <SFA>
        <FILEPATH>C:\Users\Jeremiah\source\repos\VectorSorting\VectorSorting\</FILEPATH>
        <FILENAME>VectorSorting.cpp</FILENAME>
        <LINE>364</LINE>
        <COLUMN>30</COLUMN>
        <KEYEVENT>
          <ID>7</ID>
          <KIND>usage</KIND>
          <IMPORTANCE>Essential</IMPORTANCE>
          <MESSAGE>'ticks' is used, but may not have been initialized</MESSAGE>
        </KEYEVENT>
      </SFA>
    </PATH>
  </DEFECT></DEFECTS>